{
  "_autogen_note": "This file is automatically generated by the RAID leaderboard submission script. Do not edit this file manually or include it in new submissions' PRs.",
  "_submission_hash": "caacd20540a8b7e7b221fbefe7ecf935222eb654e5e97918b0a79a64a730d210",
  "_results_hash": "2a7f9f146713b55ec7ef87e689e1a453399c7fc5e54029d68aaef7920b0c3269",
  "date_released": "2026-04-24",
  "detector_name": "Contrastive MiniLM + LinearSVC",
  "contact_info": "Email Address: dbroemmer2025@fau.edu",
  "website": "",
  "paper_link": "",
  "huggingface_link": "",
  "github_link": "",
  "additional_metadata": null,
  "score_agg": {
    "all": {
      "_note": "No aggregate score across all settings is reported here as some domains/generator models/decoding strategies/repetition penalties/adversarial attacks were not included in the submission. This submission will not appear in the main leaderboard; it will only be visible within the splits in which all samples were evaluated."
    },
    "no_adversarial": {
      "_note": "No aggregate score across all non-adversarial settings is reported here as some domains/generator models/decoding strategies/repetition penalties were not included in the submission."
    }
  },
  "scores": [],
  "thresholds": {
    "0.05": {
      "abstracts": 0.707422499374827,
      "books": 0.6439250122147342,
      "news": 0.6433016419229616,
      "poetry": 0.6857126949331969,
      "recipes": 0.38070283879183764,
      "reddit": 0.6511611383221833,
      "reviews": 0.5864706243266242,
      "wiki": 0.7204751833748773
    },
    "0.01": {
      "abstracts": 0.766016249374827,
      "books": 0.7376750122147342,
      "news": 0.7839266419229616,
      "poetry": 0.7677439449331969,
      "recipes": 0.5135153387918376,
      "reddit": 0.7761611383221833,
      "reviews": 0.7642049993266242,
      "wiki": 0.7668619021248773
    }
  },
  "fpr": {
    "0.05": {
      "abstracts": 0.050000000000000044,
      "books": 0.050000000000000044,
      "news": 0.050000000000000044,
      "poetry": 0.050000000000000044,
      "recipes": 0.050000000000000044,
      "reddit": 0.050000000000000044,
      "reviews": 0.050000000000000044,
      "wiki": 0.050000000000000044
    },
    "0.01": {
      "abstracts": 0.010000000000000009,
      "books": 0.010000000000000009,
      "news": 0.010000000000000009,
      "poetry": 0.010000000000000009,
      "recipes": 0.010000000000000009,
      "reddit": 0.010000000000000009,
      "reviews": 0.010000000000000009,
      "wiki": 0.010000000000000009
    }
  }
}