{
  "_autogen_note": "This file is automatically generated by the RAID leaderboard submission script. Do not edit this file manually or include it in new submissions' PRs.",
  "_submission_hash": "a937ebe75bcff277ac914a241eceb675d30560a9609cf2a4b656fb957a04e0b5",
  "_results_hash": "18621ba5a08f70618630774da7130b02842efff647cb56031605485b9606a793",
  "date_released": "2026-04-24",
  "detector_name": "Roberta Base",
  "contact_info": "Email Address: dbroemmer2025@fau.edu",
  "website": "",
  "paper_link": "",
  "huggingface_link": "",
  "github_link": "",
  "additional_metadata": null,
  "score_agg": {
    "all": {
      "_note": "No aggregate score across all settings is reported here as some domains/generator models/decoding strategies/repetition penalties/adversarial attacks were not included in the submission. This submission will not appear in the main leaderboard; it will only be visible within the splits in which all samples were evaluated."
    },
    "no_adversarial": {
      "_note": "No aggregate score across all non-adversarial settings is reported here as some domains/generator models/decoding strategies/repetition penalties were not included in the submission."
    }
  },
  "scores": [],
  "thresholds": {
    "0.05": {
      "abstracts": 0.9991311688734277,
      "books": 0.9953237067673764,
      "news": 0.9820385863471892,
      "poetry": 0.9573435135379986,
      "recipes": 0.23641430622323245,
      "reddit": 0.9992026961400553,
      "reviews": 0.9985719775493636,
      "wiki": 0.9993607219708793
    },
    "0.01": {
      "abstracts": 0.9998025555921777,
      "books": 0.9998097907517514,
      "news": 0.9994336058784392,
      "poetry": 0.9997019119754986,
      "recipes": 0.48641430622323245,
      "reddit": 0.9998130477025553,
      "reviews": 0.9998231982524886,
      "wiki": 0.9998108562482231
    }
  },
  "fpr": {
    "0.05": {
      "abstracts": 0.050000000000000044,
      "books": 0.050000000000000044,
      "news": 0.050000000000000044,
      "poetry": 0.050000000000000044,
      "recipes": 0.050000000000000044,
      "reddit": 0.050000000000000044,
      "reviews": 0.050000000000000044,
      "wiki": 0.050000000000000044
    },
    "0.01": {
      "abstracts": 0.010000000000000009,
      "books": 0.010000000000000009,
      "news": 0.010000000000000009,
      "poetry": 0.010000000000000009,
      "recipes": 0.010000000000000009,
      "reddit": 0.010000000000000009,
      "reviews": 0.010000000000000009,
      "wiki": 0.010000000000000009
    }
  }
}